date,quantity
2009-07-01,2839
2009-07-02,3304
2009-07-06,4319
2009-07-07,1271
2009-07-08,115778
2009-07-09,4030
2009-07-10,4606
2009-07-13,5273
2009-07-14,1407
2009-07-15,538
2009-07-16,66
2009-07-17,5675
2009-07-20,375
2009-07-21,292615
2009-07-22,156777
2009-07-23,4866
2009-07-24,2000
2009-07-27,100
2009-07-28,27697
2009-07-29,24000
2009-07-31,1001
2009-08-03,50945
2009-08-05,1472
2009-08-06,6409
2009-08-07,1277
2009-08-10,4880
2009-08-11,100
2009-08-12,585
2009-08-13,173804
2009-08-14,73752
2009-08-17,1600
2009-08-18,5524
2009-08-20,221
2009-08-21,10329
2009-08-24,216
2009-08-25,1291
2009-08-26,3563
2009-08-27,11829
2009-08-28,702
2009-08-31,159
2009-09-01,10165
2009-09-02,5982
2009-09-03,4816
2009-09-04,9829
2009-09-08,5138
2009-09-09,8550
2009-09-10,34663
2009-09-11,34301
2009-09-14,385
2009-09-15,130760
2009-09-16,167142
2009-09-17,8645
2009-09-18,78866
2009-09-21,79545
2009-09-22,11258
2009-09-23,16685
2009-09-24,1892
2009-09-25,42511
2009-09-28,2119
2009-09-29,83398
2009-09-30,1685
2009-10-01,1688
2009-10-02,201
2009-10-05,429
2009-10-06,176184
2009-10-07,861
2009-10-09,5229
2009-10-13,13369
2009-10-14,14060
2009-10-15,4208
2009-10-16,8449
2009-10-19,5810
2009-10-20,17971
2009-10-21,7626
2009-10-22,1647
2009-10-23,8
2009-10-26,8062
2009-10-27,34
2009-10-28,144001
2009-10-29,123471
2009-11-02,29686
2009-11-03,5988
2009-11-04,1
2009-11-05,4591
2009-11-06,634
2009-11-09,7351
2009-11-10,8776
2009-11-12,13702
2009-11-13,26611
2009-11-16,3444
2009-11-17,181849
2009-11-18,299729
2009-11-19,684308
2009-11-20,604022
2009-11-23,15560
2009-11-24,6229
2009-11-25,1176
2009-11-27,5637
2009-11-30,1936
2009-12-01,53593
2009-12-02,7244
2009-12-03,6848
2009-12-04,1162
2009-12-07,1903
2009-12-09,2
2009-12-11,7029
2009-12-14,4794
2009-12-15,9930
2009-12-16,1451
2009-12-17,3656
2009-12-18,3057
2009-12-21,41564
2009-12-22,9
2009-12-23,2347
2009-12-24,332935
2009-12-28,205
2009-12-29,330194
2009-12-30,2616
2009-12-31,47008
2010-01-04,6445
2010-01-05,35
2010-01-07,2831
2010-01-08,1337
2010-01-11,5221
2010-01-12,14960
2010-01-13,3227
2010-01-14,421991
2010-01-15,6898
2010-01-19,4751
2010-01-20,775
2010-01-21,255253
2010-01-22,51
2010-01-25,3956
2010-01-26,40
2010-01-27,40
2010-01-29,3504
2010-02-01,41
2010-02-02,21675
2010-02-03,98624
2010-02-04,24185
2010-02-08,7228
2010-02-09,3818
2010-02-10,1505
2010-02-11,6304
2010-02-12,180
2010-02-16,6908
2010-02-17,5708
2010-02-18,88570
2010-02-19,130553
2010-02-22,793069
2010-02-23,392684
2010-02-24,700127
2010-02-25,1862
2010-02-26,8629
2010-03-01,1400
2010-03-02,25264
2010-03-03,2301
2010-03-04,3964
2010-03-05,3293
2010-03-08,497
2010-03-09,432
2010-03-11,31619
2010-03-12,100
2010-03-15,772
2010-03-18,4272
2010-03-19,2412
2010-03-22,6507
2010-03-23,344
2010-03-24,100
2010-03-26,4751
2010-03-29,52
2010-03-31,223
2010-04-01,38803
2010-04-05,5472
2010-04-06,506
2010-04-07,3995
2010-04-08,1394
2010-04-09,2000
2010-04-12,544
2010-04-13,1798
2010-04-14,21281
2010-04-15,17991
2010-04-16,2296
2010-04-19,442
2010-04-20,253613
2010-04-21,686
2010-04-22,577
2010-04-23,26965
2010-04-26,83378
2010-04-27,6844
2010-04-28,726
2010-04-30,15044
2010-05-03,5966
2010-05-04,2945
2010-05-05,445
2010-05-06,9288
2010-05-07,5936
2010-05-11,857
2010-05-12,133003
2010-05-13,37730
2010-05-14,654606
2010-05-17,651882
2010-05-18,654164
2010-05-19,426439
2010-05-20,1732
2010-05-21,2400
2010-05-24,500
2010-05-25,205028
2010-05-26,202930
2010-05-27,24292
2010-05-28,27101
2010-06-01,1246
2010-06-02,120
2010-06-03,95282
2010-06-04,1
2010-06-07,18435
2010-06-08,2645
2010-06-10,56979
2010-06-11,35122
2010-06-14,3473
2010-06-15,1548
2010-06-16,17043
2010-06-18,568
2010-06-21,319754
2010-06-23,3233
2010-06-24,41411
2010-06-25,2336
2010-06-28,137
2010-06-29,164
2010-06-30,82723
2010-07-01,513
2010-07-02,347
2010-07-07,103
2010-07-08,722
2010-07-09,735
2010-07-12,13119
2010-07-13,8471
2010-07-14,206
2010-07-15,4
2010-07-16,41660
2010-07-19,43970
2010-07-20,226
2010-07-21,3606656
2010-07-22,5303
2010-07-23,727
2010-07-26,100794
2010-07-27,39
2010-07-28,700
2010-07-29,3568
2010-08-02,195
2010-08-04,1358
2010-08-05,7948
2010-08-10,2290
2010-08-11,79245
2010-08-12,347
2010-08-13,835
2010-08-16,317395
2010-08-17,2803
2010-08-18,13210
2010-08-19,16500
2010-08-20,442
2010-08-23,127
2010-08-25,27133
2010-08-26,9427
2010-08-27,6134
2010-08-30,799
2010-08-31,59100
2010-09-01,12674
2010-09-02,27217
2010-09-03,600
2010-09-07,3911
2010-09-08,23627
2010-09-09,935
2010-09-10,2517
2010-09-13,130
2010-09-14,1
2010-09-15,271055
2010-09-16,3064
2010-09-17,54
2010-09-20,251
2010-09-21,1554
2010-09-22,4090
2010-09-23,4199
2010-09-24,2666
2010-09-27,166
2010-09-28,5359
2010-09-29,6151
2010-09-30,144
2010-10-04,4579
2010-10-05,393
2010-10-06,1303
2010-10-07,54921
2010-10-08,5253
2010-10-12,17522
2010-10-13,4435
2010-10-14,4000
2010-10-15,29268
2010-10-18,654316
2010-10-19,26768
2010-10-20,54794
2010-10-21,77752
2010-10-22,2635
2010-10-25,6932
2010-10-26,4024
2010-10-27,3181
2010-10-29,700
2010-11-01,22847
2010-11-02,1610
2010-11-03,1
2010-11-04,7749
2010-11-05,9746
2010-11-08,5287
2010-11-09,1166
2010-11-10,31791
2010-11-12,50
2010-11-15,5336
2010-11-16,551
2010-11-17,1
2010-11-18,36048
2010-11-19,2263
2010-11-22,1
2010-11-23,64696
2010-11-24,758
2010-11-26,3880
2010-11-29,645
2010-11-30,1
2010-12-01,1170
2010-12-02,121
2010-12-06,4788
2010-12-07,194221
2010-12-08,317
2010-12-10,1438
2010-12-13,18781
2010-12-14,6976
2010-12-15,7756
2010-12-16,12438
2010-12-17,34
2010-12-20,100
2010-12-21,13375
2010-12-22,292
2010-12-23,2347
2010-12-27,21608
2010-12-28,4947
2010-12-29,15273
2010-12-30,1972
2010-12-31,7428
2011-01-03,3163
2011-01-04,18
2011-01-05,2
2011-01-07,35636
2011-01-10,698
2011-01-11,148
2011-01-12,17800
2011-01-13,100
2011-01-14,9076
2011-01-18,9879
2011-01-19,100
2011-01-20,100
2011-01-24,1
2011-01-25,5290
2011-01-26,21073
2011-01-28,167757
2011-01-31,94
2011-02-01,461082
2011-02-02,21140
2011-02-03,250
2011-02-04,252
2011-02-08,61
2011-02-09,1
2011-02-10,12737
2011-02-11,63563
2011-02-14,576
2011-02-15,3396
2011-02-16,201
2011-02-17,16013
2011-02-22,2971
2011-02-23,431
2011-02-24,151
2011-02-25,1700
2011-02-28,189
2011-03-01,8614
2011-03-02,8763
2011-03-04,50
2011-03-07,1369
2011-03-08,166228
2011-03-10,598
2011-03-11,1544
2011-03-14,3136
2011-03-17,200
2011-03-21,1772
2011-03-23,464474
2011-03-28,1484
2011-03-30,39640
2011-03-31,391
2011-04-01,139
2011-04-05,17500
2011-04-06,1
2011-04-07,5000
2011-04-08,2190
2011-04-12,25074
2011-04-13,1300
2011-04-14,2749
2011-04-15,345
2011-04-19,13349
2011-04-21,3671
2011-04-25,9603
2011-04-26,20
2011-04-27,1369
2011-04-28,22451
2011-04-29,76573
2011-05-02,44910
2011-05-03,16890
2011-05-04,79300
2011-05-06,162334
2011-05-09,125430
2011-05-10,1
2011-05-11,26811
2011-05-12,6076
2011-05-13,100
2011-05-16,100
2011-05-17,14829
2011-05-18,112537
2011-05-20,53064
2011-05-23,2874
2011-05-25,13469
2011-05-27,17691
2011-05-31,4458
2011-06-01,32979
2011-06-02,764
2011-06-03,2675
2011-06-06,12207
2011-06-08,31813
2011-06-09,1
2011-06-10,112882
2011-06-14,73990
2011-06-15,200
2011-06-16,8011
2011-06-17,519
2011-06-21,100
2011-06-22,63454
2011-06-23,1332276
2011-06-24,31870
2011-06-27,54586
2011-06-28,100
2011-06-29,18142
2011-06-30,3486
2011-07-01,36367
2011-07-05,4273
2011-07-06,29498
2011-07-07,15055
2011-07-08,24400
2011-07-11,300
2011-07-12,154714
2011-07-14,28905
2011-07-15,47501
2011-07-18,85310
2011-07-19,1
2011-07-20,47150
2011-07-21,30135
2011-07-22,2120
2011-07-25,747616
2011-07-26,149
2011-07-28,3228
2011-07-29,6
2011-08-01,2302
2011-08-02,65017
2011-08-03,1
2011-08-04,6448
2011-08-05,450503
2011-08-08,100100
2011-08-09,82579
2011-08-10,1928
2011-08-12,452020
2011-08-15,63023
2011-08-16,357992
2011-08-18,3268
2011-08-19,21507
2011-08-23,881
2011-08-24,204565
2011-08-25,17351
2011-08-26,6638
2011-08-29,582
2011-08-30,15802
2011-08-31,1039
2011-09-01,2907
2011-09-02,300
2011-09-06,3261
2011-09-07,52395
2011-09-08,6
2011-09-09,6
2011-09-12,8387
2011-09-13,33810
2011-09-14,50000
2011-09-15,400
2011-09-16,404
2011-09-19,433
2011-09-20,9675
2011-09-21,63767
2011-09-22,16645
2011-09-23,17521
2011-09-26,382759
2011-09-27,14724
2011-09-28,13601
2011-09-29,8866
2011-09-30,1380
2011-10-03,10252
2011-10-04,7946
2011-10-05,1362
2011-10-06,872
2011-10-07,23644
2011-10-11,55921
2011-10-12,42120
2011-10-13,132245
2011-10-14,22638
2011-10-17,114630
2011-10-18,1475
2011-10-20,1
2011-10-21,3036
2011-10-24,6692
2011-10-25,6755
2011-10-26,2724
2011-10-27,1
2011-10-28,2361
2011-10-31,9564
2011-11-01,4550
2011-11-04,124677
2011-11-09,243419
2011-11-10,225674
2011-11-14,219701
2011-11-16,454
2011-11-17,2673
2011-11-21,300
2011-11-22,45
2011-11-25,209091
2011-11-30,39686
2011-12-01,1500
2011-12-02,425000
2011-12-05,797
2011-12-06,339
2011-12-07,900
2011-12-08,220
2011-12-09,1176
2011-12-12,231
2011-12-13,28200
2011-12-14,5333
2011-12-15,45
2011-12-16,201
2011-12-19,172380
2011-12-20,375
2011-12-21,95780
2011-12-22,1
2011-12-23,4287
2011-12-27,1318
2011-12-30,7998
2012-01-03,3660
2012-01-04,100
2012-01-05,100
2012-01-06,16516
2012-01-09,25930
2012-01-11,8450
2012-01-13,3
2012-01-17,453016
2012-01-18,433813
2012-01-19,2500
2012-01-20,22110
2012-01-23,194
2012-01-24,200
2012-01-25,2560
2012-01-26,684
2012-01-27,3333
2012-01-30,857
2012-02-01,9668
2012-02-03,7588
2012-02-06,25542
2012-02-08,2000
2012-02-09,97
2012-02-10,26205
2012-02-13,12697
2012-02-14,20990
2012-02-15,2544
2012-02-16,8666
2012-02-21,19596
2012-02-22,7869
2012-02-23,34632
2012-02-24,22952
2012-02-28,12359
2012-02-29,3598
2012-03-01,50232
2012-03-05,18060
2012-03-06,1300
2012-03-07,2492
2012-03-09,13
2012-03-12,17870
2012-03-13,933
2012-03-14,2118
2012-03-15,168159
2012-03-16,19088
2012-03-21,53262
2012-03-22,23848
2012-03-23,115820
2012-03-26,4329
2012-03-27,8491
2012-03-28,18
2012-03-29,29323
2012-03-30,3770
2012-04-02,25
2012-04-03,845
2012-04-04,25
2012-04-10,1363
2012-04-11,3660
2012-04-12,52694
2012-04-13,448
2012-04-16,268
2012-04-17,25214
2012-04-18,700
2012-04-19,7241
2012-04-20,176476
2012-04-23,806
2012-04-24,11168
2012-04-25,7937
2012-04-26,19096
2012-04-27,1300
2012-04-30,84156
2012-05-01,1106
2012-05-02,860
2012-05-03,21159
2012-05-04,110
2012-05-08,29579
2012-05-10,10121
2012-05-11,79959
2012-05-14,9885
2012-05-15,27395
2012-05-16,17135
2012-05-17,122741
2012-05-18,132
2012-05-21,5817
2012-05-23,49810
2012-05-24,803
2012-05-25,152
2012-05-30,13809
2012-05-31,135
2012-06-01,598222
2012-06-04,9199
2012-06-05,774
2012-06-07,20736
2012-06-08,41306
2012-06-11,33110
2012-06-12,418
2012-06-13,454
2012-06-14,233
2012-06-15,280347
2012-06-18,1
2012-06-19,168693
2012-06-20,4263
2012-06-21,276
2012-06-22,13467
2012-06-26,32108
2012-06-27,4888
2012-06-28,11528
2012-06-29,167
2012-07-02,309
2012-07-03,24412
2012-07-05,632
2012-07-06,190
2012-07-09,4881
2012-07-10,5065
2012-07-11,12863
2012-07-12,1900
2012-07-13,423
2012-07-16,712
2012-07-17,7500
2012-07-18,1
2012-07-19,291
2012-07-20,1614
2012-07-24,238
2012-07-25,1
2012-07-26,733
2012-07-27,208
2012-07-30,175
2012-07-31,69
2012-08-02,7566
2012-08-03,411
2012-08-06,14484
2012-08-08,4842
2012-08-09,345
2012-08-10,2877
2012-08-13,96255
2012-08-14,1592
2012-08-15,3203
2012-08-16,37901
2012-08-17,744
2012-08-20,601
2012-08-21,1000
2012-08-22,765
2012-08-23,693
2012-08-27,35801
2012-08-28,231
2012-08-29,1139
2012-08-30,119
2012-08-31,97
2012-09-04,5764
2012-09-05,114
2012-09-06,23640
2012-09-07,151088
2012-09-10,559
2012-09-12,294
2012-09-14,807
2012-09-17,318
2012-09-18,25331
2012-09-19,211
2012-09-20,294
2012-09-25,37226
2012-09-26,584
2012-09-28,87868
2012-10-01,1
2012-10-02,64
2012-10-03,14200
2012-10-04,5821
2012-10-05,1133
2012-10-09,32557
2012-10-11,25
2012-10-12,273
2012-10-15,18508
2012-10-17,19889
2012-10-18,6679
2012-10-19,171
2012-10-22,144
2012-10-23,1993
2012-10-26,2244
2012-10-30,85445
2012-10-31,36170
2012-11-01,10909
2012-11-02,7776
2012-11-05,38235
2012-11-06,35700
2012-11-08,6761
2012-11-13,9085
2012-11-14,15225
2012-11-15,76956
2012-11-16,2451
2012-11-19,81371
2012-11-20,100100
2012-11-23,4659
2012-11-26,3858
2012-11-27,3316
2012-11-28,44
2012-11-29,1278822
2012-11-30,839399
2012-12-05,1215
2012-12-06,2062
2012-12-07,45459
2012-12-10,2026
2012-12-11,100
2012-12-13,315
2012-12-14,129766
2012-12-17,36229
2012-12-18,720792
2012-12-20,811
2012-12-21,368
2012-12-24,377
2012-12-26,2985201
2012-12-27,2977563
2012-12-28,2788519
2012-12-31,1781067
2013-01-02,282
2013-01-03,2
2013-01-04,2357
2013-01-07,1986
2013-01-08,24
2013-01-09,115484
2013-01-10,865
2013-01-11,256
2013-01-15,22437
2013-01-16,42
2013-01-17,3054
2013-01-18,6774
2013-01-22,25
2013-01-23,3382
2013-01-28,25429
2013-01-29,362
2013-01-30,7800
2013-02-01,378315
2013-02-05,14291
2013-02-08,12019
2013-02-11,200
2013-02-12,1110162
2013-02-13,7038
2013-02-14,35
2013-02-15,793
2013-02-20,13595
2013-02-21,5683
2013-02-22,349
2013-02-25,100
2013-02-26,1407653
2013-02-27,400
2013-02-28,16183
2013-03-01,5045
2013-03-04,203644
2013-03-05,36433
2013-03-06,1000
2013-03-07,500
2013-03-08,64143
2013-03-12,9565
2013-03-13,3092
2013-03-14,78879
2013-03-15,4234
2013-03-18,7168
2013-03-19,1075
2013-03-20,7882
2013-03-21,6201
2013-03-22,42
2013-03-25,530
2013-03-26,30432
2013-03-27,13436
2013-03-28,370045
2013-04-03,2519
2013-04-04,50
2013-04-05,80
2013-04-08,7459
2013-04-10,142
2013-04-11,332
2013-04-12,1
2013-04-15,11450
2013-04-17,100
2013-04-18,11562
2013-04-19,1424
2013-04-22,1
2013-04-23,9110
2013-04-24,38988
2013-04-25,99282
2013-04-26,45885
2013-04-29,91365
2013-04-30,13724
2013-05-01,1319
2013-05-02,6686
2013-05-03,3649
2013-05-06,2542
2013-05-07,1
2013-05-08,1430
2013-05-09,7200
2013-05-10,1600
2013-05-13,17048
2013-05-14,9797
2013-05-15,200
2013-05-16,789
2013-05-17,1847
2013-05-20,908403
2013-05-21,398344
2013-05-22,167639
2013-05-23,3307
2013-05-28,7094
2013-05-29,90
2013-05-31,209900
2013-06-03,4603
2013-06-04,8206
2013-06-05,46053
2013-06-06,39309
2013-06-07,1
2013-06-10,141907
2013-06-12,2
2013-06-13,34695
2013-06-14,9173
2013-06-17,1252
2013-06-18,19915
2013-06-20,201
2013-06-21,77
2013-06-25,1315014
2013-06-26,1150861
2013-06-27,137341
2013-06-28,39814
2013-07-01,12050
2013-07-02,69
2013-07-03,175
2013-07-08,5449
2013-07-09,700
2013-07-10,9205
2013-07-11,2906
2013-07-12,12545
2013-07-15,9091
2013-07-16,53164
2013-07-17,1
2013-07-19,35905
2013-07-22,433929
2013-07-24,7775
2013-07-26,200
2013-07-29,3548
2013-07-30,6906
2013-07-31,28350
2013-08-01,5204
2013-08-02,3025
2013-08-05,421
2013-08-06,27
2013-08-07,28294
2013-08-08,28157
2013-08-09,20029
2013-08-12,549
2013-08-13,1931
2013-08-15,17188
2013-08-20,12879
2013-08-21,24834
2013-08-22,1302
2013-08-23,2295
2013-08-27,123478
2013-08-28,181708
2013-08-29,10633
2013-08-30,2090
2013-09-03,3721
2013-09-04,16136
2013-09-05,623
2013-09-09,3614
2013-09-10,3274
2013-09-11,6095
2013-09-12,1
2013-09-13,42869
2013-09-16,3508
2013-09-17,2098
2013-09-19,24
2013-09-20,5400
2013-09-23,7073
2013-09-24,30197
2013-09-25,797
2013-09-26,65949
2013-09-30,626
2013-10-02,3793
2013-10-03,12628
2013-10-04,230143
2013-10-08,149216
2013-10-09,1100
2013-10-10,26905
2013-10-15,272
2013-10-16,12736
2013-10-17,1803
2013-10-18,19172
2013-10-21,19701
2013-10-23,13830
2013-10-24,7034
2013-10-25,12186
2013-10-28,15201
2013-10-29,200
2013-10-30,42506
2013-10-31,4791
2013-11-04,4948
2013-11-05,10
2013-11-07,4771
2013-11-08,22835
2013-11-12,20443
2013-11-13,7576
2013-11-14,20297
2013-11-18,29026
2013-11-19,152030
2013-11-20,367894
2013-11-21,204475
2013-11-25,257
2013-11-26,965
2013-11-27,5375
2013-11-29,5931
2013-12-02,25963
2013-12-03,4549
2013-12-04,1
2013-12-06,10162
2013-12-09,1588020
2013-12-10,614
2013-12-11,143
2013-12-12,841145
2013-12-13,1600
2013-12-16,932
2013-12-18,4269
2013-12-19,423
2013-12-20,17975
2013-12-23,1227
2013-12-24,1
2013-12-26,356778
2013-12-27,7275
2013-12-30,1
2013-12-31,10708
2014-01-03,16040
2014-01-06,2199
2014-01-07,1
2014-01-08,7282
2014-01-09,26
2014-01-13,9376
2014-01-14,5603
2014-01-15,5326
2014-01-17,5015
2014-01-21,316
2014-01-22,26
2014-01-23,6447
2014-01-24,8828
2014-01-27,35505
2014-01-28,1013
2014-01-29,6135
2014-01-30,4500
2014-01-31,26
2014-02-03,44012
2014-02-04,24210
2014-02-05,1586
2014-02-06,6249
2014-02-07,50
2014-02-10,1298870
2014-02-11,538841
2014-02-12,246
2014-02-13,25
2014-02-14,136
2014-02-18,13928
2014-02-19,3460
2014-02-20,527
2014-02-21,15578
2014-02-24,20958
2014-02-25,6300
2014-02-26,46147
2014-02-27,536
2014-02-28,6462
2014-03-03,436
2014-03-04,590
2014-03-05,118368
2014-03-06,8086
2014-03-07,5095
2014-03-10,7650
2014-03-11,371
2014-03-12,336
2014-03-13,9073
2014-03-14,3564
2014-03-17,24667
2014-03-18,5391
2014-03-19,15858
2014-03-20,135
2014-03-21,3872
2014-03-24,7529
2014-03-25,2789
2014-03-26,1861445
2014-03-27,436
2014-03-31,2479
2014-04-01,9210
2014-04-02,265
2014-04-03,8567
2014-04-04,892828
2014-04-08,133
2014-04-09,16181
2014-04-10,133
2014-04-11,12415
2014-04-14,233
2014-04-15,14321
2014-04-16,1
2014-04-17,516
2014-04-22,641
2014-04-23,1
2014-04-24,7158
2014-04-25,871304
2014-04-28,19643
2014-04-29,2771
2014-05-01,1820
2014-05-02,283690
2014-05-05,1198
2014-05-07,133
2014-05-08,14569
2014-05-09,81989
2014-05-12,1131
2014-05-13,855
2014-05-14,2908
2014-05-15,136152
2014-05-16,1
2014-05-19,89
2014-05-20,18610
2014-05-21,31
2014-05-22,327172
2014-05-23,2577
2014-05-28,13830
2014-05-29,263
2014-05-30,294158
2014-06-02,1678
2014-06-03,27867
2014-06-04,69351
2014-06-05,2977
2014-06-06,12622
2014-06-09,107
2014-06-10,295
2014-06-11,63
2014-06-12,2552
2014-06-13,2064
2014-06-16,146300
2014-06-17,87499
2014-06-18,27513
2014-06-19,1646
2014-06-20,28245
2014-06-23,249
2014-06-24,1156
2014-06-25,900
2014-06-26,28893
2014-06-27,459829
2014-06-30,26444
2014-07-01,679682
2014-07-02,14635
2014-07-03,9664
2014-07-07,6144
2014-07-09,3949
2014-07-10,1
2014-07-11,1
2014-07-14,5284
2014-07-15,2148
2014-07-16,15688
2014-07-17,155679
2014-07-18,2916
2014-07-21,407257
2014-07-22,652
2014-07-23,12514
2014-07-24,1183315
2014-07-25,14279
2014-07-28,20072
2014-07-29,48069
2014-07-30,1470
2014-07-31,13893
2014-08-01,1025
2014-08-04,115
2014-08-05,644
2014-08-06,4559
2014-08-07,18654
2014-08-08,3486
2014-08-11,712
2014-08-13,292498
2014-08-14,6098
2014-08-15,206549
2014-08-18,305736
2014-08-19,106999
2014-08-20,14848
2014-08-21,1035
2014-08-22,11151
2014-08-25,404
2014-08-26,463
2014-08-27,6139
2014-08-28,4290
2014-08-29,952
2014-09-04,75802
2014-09-05,5004
2014-09-10,21176
2014-09-11,321067
2014-09-12,2588
2014-09-15,365
2014-09-16,12957
2014-09-17,59379
2014-09-18,2580
2014-09-19,10339
2014-09-22,1145
2014-09-24,5003
2014-09-25,1744
2014-09-29,142
2014-09-30,155080
2014-10-01,2207
2014-10-03,10918
2014-10-07,4921
2014-10-10,32
2014-10-14,3871
2014-10-16,277237
2014-10-17,1200
2014-10-20,2233
2014-10-21,320504
2014-10-22,157796
2014-10-23,52772
2014-10-24,68895
2014-10-27,1414
2014-10-28,605
2014-10-29,54
2014-10-30,5143
2014-10-31,1
2014-11-03,11387
2014-11-04,16070
2014-11-05,9675
2014-11-06,516004
2014-11-07,29622
2014-11-10,180012
2014-11-12,182553
2014-11-13,164100
2014-11-14,3117
2014-11-17,21156
2014-11-18,8005
2014-11-19,10829
2014-11-20,8563
2014-11-21,3075
2014-11-24,12463
2014-11-25,11045
2014-11-26,218491
2014-11-28,909
2014-12-01,1401
2014-12-02,2897
2014-12-03,1415
2014-12-04,6164
2014-12-05,2705
2014-12-08,330
2014-12-09,5110
2014-12-10,34712
2014-12-11,28926
2014-12-12,2893
2014-12-15,36225
2014-12-17,7198
2014-12-18,20773
2014-12-19,815
2014-12-22,7385
2014-12-23,1900
2014-12-24,7397
2014-12-26,1038
2014-12-29,3
2014-12-30,2018
2014-12-31,128
2015-01-02,97
2015-01-06,1826
2015-01-07,10348
2015-01-08,4287
2015-01-09,4246
2015-01-12,608
2015-01-13,19460
2015-01-16,4374
2015-01-20,3593
2015-01-21,8165
2015-01-23,4006
2015-01-26,11222
2015-01-27,6103
2015-01-28,17018
2015-01-29,22324
2015-01-30,17979
2015-02-02,264140
2015-02-04,183
2015-02-05,41
2015-02-06,285010
2015-02-09,159094
2015-02-10,466405
2015-02-11,467315
2015-02-12,7362
2015-02-13,17350
2015-02-17,39492
2015-02-18,16180
2015-02-19,33049
2015-02-20,3851
2015-02-23,492
2015-02-24,15154
2015-02-25,25790
2015-02-26,14095
2015-03-02,7781
2015-03-03,105
2015-03-04,71246
2015-03-05,73492
2015-03-06,41591
2015-03-10,2503
2015-03-11,2360
2015-03-12,37
2015-03-13,4192
2015-03-16,2230
2015-03-17,49445
2015-03-18,4567
2015-03-19,500
2015-03-20,1
2015-03-23,3177
2015-03-24,4077
2015-03-25,125554
2015-03-26,4835
2015-03-27,22718
2015-03-30,4261
2015-03-31,9703
2015-04-02,596
2015-04-06,2615
2015-04-07,26643
2015-04-08,755
2015-04-09,641671
2015-04-10,8522
2015-04-13,12726
2015-04-14,300
2015-04-16,9141
2015-04-17,24718
2015-04-20,1270
2015-04-21,180
2015-04-22,623
2015-04-23,30774
2015-04-24,15186
2015-04-27,25462
2015-04-28,2548
2015-04-29,179304
2015-04-30,27793
2015-05-01,26904
2015-05-04,510
2015-05-05,4571
2015-05-06,501783
2015-05-07,65380
2015-05-11,8824
2015-05-12,19328
2015-05-13,9230
2015-05-14,3690
2015-05-15,3447
2015-05-18,796
2015-05-19,8940
2015-05-20,6195
2015-05-21,1975
2015-05-28,2147
2015-06-01,4217
2015-06-02,506
2015-06-03,4916
2015-06-05,32936
2015-06-08,5484
2015-06-09,571279
2015-06-10,14188
2015-06-11,11193
2015-06-12,13256
2015-06-15,17983
2015-06-16,6294
2015-06-17,83153
2015-06-18,14213
2015-06-19,5063
2015-06-22,17891
2015-06-23,1950
2015-06-24,19640
2015-06-25,14719
2015-06-26,1549
2015-06-29,12672
2015-06-30,27420
2015-07-01,30245
2015-07-02,24018
2015-07-06,92925
2015-07-07,13437
2015-07-08,19699
2015-07-09,7193
2015-07-10,30363
2015-07-13,10780
2015-07-14,15141
2015-07-15,13823
2015-07-16,8446
2015-07-17,7979
2015-07-20,1797
2015-07-21,2564
2015-07-22,2478
2015-07-23,1271
2015-07-27,4893
2015-07-28,3985
2015-07-29,2249
2015-07-30,4938
2015-07-31,5901
2015-08-04,25470
2015-08-05,2389
2015-08-06,7678
2015-08-07,23821
2015-08-10,161638
2015-08-11,3098
2015-08-12,11339
2015-08-13,7324
2015-08-14,12288
2015-08-17,14681
2015-08-18,18260
2015-08-19,2042
2015-08-20,1
2015-08-21,4618
2015-08-24,3875
2015-08-25,13376
2015-08-26,53712
2015-08-27,21537
2015-08-28,9090
2015-08-31,680328
2015-09-01,52000
2015-09-02,12837
2015-09-03,26172
2015-09-04,19435
2015-09-08,37844
2015-09-09,59256
2015-09-10,2119
2015-09-11,2443
2015-09-14,514411
2015-09-15,5271
2015-09-16,4401
2015-09-18,284914
2015-09-21,19272
2015-09-22,292501
2015-09-23,25445
2015-09-24,6748
2015-09-25,1518
2015-09-28,25520
2015-09-29,9337
2015-09-30,4441
2015-10-01,19286
2015-10-02,4091
2015-10-05,5455
2015-10-06,14820
2015-10-07,5769
2015-10-08,9806
2015-10-09,5206
2015-10-13,4468
2015-10-14,1569
2015-10-16,7018
2015-10-19,1602
2015-10-20,2885
2015-10-21,147477
2015-10-22,16821
2015-10-23,46919
2015-10-26,160
2015-10-27,190153
2015-10-28,8693
2015-10-29,4127
2015-10-30,206003
2015-11-02,39303
2015-11-03,5348
2015-11-04,29375
2015-11-05,118
2015-11-06,25838
2015-11-09,238311
2015-11-10,2170
2015-11-12,314217
2015-11-13,113
2015-11-16,3215
2015-11-17,3331
2015-11-19,64515
2015-11-20,15817
2015-11-23,144230
2015-11-24,1499
2015-11-25,436448
2015-11-30,63
2015-12-01,1101
2015-12-02,112
2015-12-03,28161
2015-12-04,27034
2015-12-07,4335
2015-12-08,2918
2015-12-09,49
2015-12-10,62315
2015-12-11,4295
2015-12-14,1889
2015-12-15,9183
2015-12-16,87243
2015-12-17,137093
2015-12-18,190
2015-12-21,14361
2015-12-22,6110
2015-12-23,20412
2015-12-24,15
2015-12-28,603
2015-12-30,571
2015-12-31,508
2016-01-04,452609
2016-01-05,375
2016-01-06,978
2016-01-07,15142
2016-01-08,18263
2016-01-11,106140
2016-01-12,608
2016-01-13,3493
2016-01-14,178
2016-01-15,20756
2016-01-19,19232
2016-01-20,1263
2016-01-21,787
2016-01-22,8383
2016-01-25,9429
2016-01-26,1761
2016-01-27,4684
2016-01-28,14593
2016-01-29,7779
2016-02-01,3609
2016-02-02,54432
2016-02-03,315
2016-02-04,2217
2016-02-05,1783
2016-02-08,12669
2016-02-09,26995
2016-02-10,2431
2016-02-11,370329
2016-02-12,2
2016-02-16,13022
2016-02-17,4623
2016-02-18,8158
2016-02-19,3361
2016-02-22,76061
2016-02-23,250
2016-02-24,75515
2016-02-25,8395
2016-02-26,384
2016-02-29,19154
2016-03-01,222
2016-03-02,356676
2016-03-03,838750
2016-03-04,1652
2016-03-07,2840
2016-03-08,4398
2016-03-09,3149
2016-03-10,4693
2016-03-11,2981
2016-03-14,21399
2016-03-15,819914
2016-03-16,2125
2016-03-17,3431
2016-03-18,3153
2016-03-21,4558
2016-03-22,2756
2016-03-23,25373
2016-03-24,122803
2016-03-28,1947
2016-03-29,78835
2016-03-30,2688
2016-03-31,1860
2016-04-01,500
2016-04-04,58858
2016-04-05,16943
2016-04-06,17982
2016-04-08,52
2016-04-11,1994
2016-04-12,9084
2016-04-13,8290
2016-04-14,8517
2016-04-15,6205
2016-04-18,173634
2016-04-19,2137
2016-04-20,3812
2016-04-21,1923
2016-04-22,6523
2016-04-25,2720
2016-04-26,33855
2016-04-27,8786
2016-04-28,12540
2016-04-29,54
2016-05-02,4503
2016-05-03,15726
2016-05-04,14758
2016-05-05,27986
2016-05-06,34
2016-05-09,187235
2016-05-10,294371
2016-05-11,6867
2016-05-12,7369
2016-05-16,3260
2016-05-17,15028
2016-05-18,4278
2016-05-19,268238
2016-05-20,588120
2016-05-23,12079
2016-05-24,12920
2016-05-25,11817
2016-05-26,37127
2016-05-27,19317
2016-05-31,400
2016-06-01,26
2016-06-02,13307
2016-06-03,11595
2016-06-06,6537
2016-06-07,4406
2016-06-08,67589
2016-06-09,2233
2016-06-10,13019
2016-06-13,1
2016-06-15,657
2016-06-16,3912
2016-06-17,100
2016-06-20,1608
2016-06-23,42196
2016-06-24,1431
2016-06-28,1
2016-06-29,5409
2016-06-30,3035
2016-07-01,165223
2016-07-05,3156
2016-07-06,917
2016-07-07,66323
2016-07-11,17
2016-07-13,4449
2016-07-14,6789
2016-07-18,31963
2016-07-19,8550
2016-07-20,18833
2016-07-21,10911
2016-07-22,2457
2016-07-25,24365
2016-07-26,2307
2016-07-27,1619
2016-07-28,3876
2016-07-29,2263
2016-08-01,116
2016-08-02,1
2016-08-03,7554
2016-08-04,8667
2016-08-05,695
2016-08-08,2644
2016-08-09,3403
2016-08-11,18429
2016-08-15,1988
2016-08-16,4713
2016-08-17,83001
2016-08-18,37663
2016-08-22,3582
2016-08-23,1117
2016-08-24,3281
2016-08-25,4191
2016-08-26,4755
2016-08-29,2409
2016-08-30,996
2016-08-31,24617
2016-09-01,301
2016-09-02,6291
2016-09-06,754
2016-09-07,1528
2016-09-08,186747
2016-09-09,2096
2016-09-12,2934
2016-09-13,80
2016-09-14,128
2016-09-15,7
2016-09-16,2842
2016-09-19,9877
2016-09-20,312453
2016-09-21,6901
2016-09-22,11758
2016-09-23,3318
2016-09-27,922
2016-09-28,2067
2016-09-29,4409
2016-09-30,2140
2016-10-03,4774
2016-10-04,18849
2016-10-05,5109
2016-10-06,31296
2016-10-07,219
2016-10-11,395
2016-10-12,5151
2016-10-13,3664
2016-10-14,250
2016-10-17,1663
2016-10-18,1900
2016-10-19,1524
2016-10-20,6368
2016-10-21,151
2016-10-24,4787
2016-10-25,2
2016-10-26,3081
2016-10-27,2073
2016-10-28,965
2016-10-31,986
2016-11-01,3625
2016-11-02,2326
2016-11-03,1280
2016-11-09,1912
2016-11-10,3613
2016-11-15,8197
2016-11-16,7164
2016-11-18,31935
2016-11-22,33207
2016-11-25,37944
2016-11-28,3639
2016-11-29,29542
2016-12-02,914
2016-12-05,437543
2016-12-07,80
2016-12-08,154652
2016-12-09,2
2016-12-12,2145
2016-12-13,2104
2016-12-14,1943
2016-12-15,1
2016-12-16,402267
2016-12-20,12
2016-12-22,18614
2016-12-23,1885
2016-12-27,17240
2016-12-28,7
2016-12-29,191
2016-12-30,50
2017-01-04,718
2017-01-06,1911
2017-01-09,10
2017-01-11,411
2017-01-12,3458
2017-01-13,3100
2017-01-17,16269
2017-01-18,7075
2017-01-19,20
2017-01-20,1421
2017-01-23,35
2017-01-24,375
2017-01-25,4503
2017-01-30,4242
2017-01-31,821
2017-02-01,225
2017-02-06,8380
2017-02-07,250
2017-02-08,300
2017-02-14,457
2017-02-15,490
2017-02-16,305924
2017-02-17,352
2017-02-21,447967
2017-02-22,837
2017-02-23,283
2017-02-27,2773
2017-03-03,10800
2017-03-06,2493
2017-03-07,861
2017-03-08,132
2017-03-09,78
2017-03-10,1799
2017-03-13,1524
2017-03-14,363
2017-03-15,100000
2017-03-16,19295
2017-03-22,4419
2017-03-27,70
2017-03-28,42
2017-03-29,839
2017-03-30,88
2017-03-31,58
2017-04-03,4918
2017-04-05,5723
2017-04-06,1462
2017-04-11,2725
2017-04-12,1381
2017-04-13,16
2017-04-17,426
2017-04-19,100
2017-04-26,699
2017-04-28,400
2017-05-02,183758
2017-05-03,38575
2017-05-04,13636
2017-05-05,101018
2017-05-08,100
2017-05-09,205
2017-05-10,20
2017-05-11,98
2017-05-12,550
2017-05-22,13
2017-05-23,214
2017-05-24,1300
2017-05-25,100
2017-05-26,213
2017-05-30,125
2017-05-31,1864
2017-06-01,24
2017-06-02,4567
2017-06-05,2862
2017-06-06,85
2017-06-07,745
2017-06-12,688
2017-06-14,2625
2017-06-15,2824
2017-06-16,5835
2017-06-20,2133
2017-06-21,1849
2017-06-22,25072
2017-06-27,16754
2017-06-30,2373
2017-07-03,589
2017-07-05,1215
2017-07-10,413
2017-07-17,11
2017-07-19,320261
2017-07-20,1048
2017-07-21,47730
2017-07-24,47998
2017-07-25,40469
2017-07-26,624723
2017-07-27,1564
2017-07-28,2939
2017-08-01,100
2017-08-02,5273
2017-08-03,4588
2017-08-04,89
2017-08-07,92644
2017-08-08,314
2017-08-09,3006
2017-08-10,12132
2017-08-15,58782
2017-08-16,3737
2017-08-23,137
2017-08-24,1200
2017-08-25,35273
2017-08-30,200
2017-08-31,2429
2017-09-01,243
2017-09-11,1075
2017-09-15,6891
2017-09-19,1070566
2017-09-20,2303
2017-09-21,9741
2017-09-22,9829
2017-09-25,173
2017-09-26,7776
2017-09-27,850
2017-10-03,302
2017-10-06,61
2017-10-10,5308
2017-10-11,464
2017-10-12,37593
2017-10-17,254
2017-10-18,50
2017-10-19,805
2017-10-24,500000
2017-10-26,15425
2017-10-27,998
2017-10-30,292283
2017-10-31,175567
2017-11-01,2588
2017-11-02,9487
2017-11-03,743
2017-11-06,10081
2017-11-07,21644
2017-11-08,61124
2017-11-13,2694
2017-11-14,119586
2017-11-16,2010
2017-11-20,1839
2017-11-24,50332
2017-11-27,100
2017-11-28,624619
2017-11-29,84
2017-11-30,12458
2017-12-01,5365
2017-12-06,1
2017-12-08,1
2017-12-11,2384
2017-12-12,1714
2017-12-13,211
2017-12-14,35875
2017-12-15,221
2017-12-19,9814
2017-12-20,824
2017-12-28,693
2018-01-05,125852
2018-01-08,33477
2018-01-09,201927
2018-01-10,1843
2018-01-11,1308
2018-01-12,2275
2018-01-16,908
2018-01-17,126903
2018-01-18,2773
2018-01-19,2948
2018-01-23,70666
2018-01-24,53
2018-01-25,20894
2018-01-29,304
2018-01-30,337187
2018-01-31,112572
2018-02-02,2512
2018-02-05,19
2018-02-06,17300
2018-02-07,9756
2018-02-08,15367
2018-02-09,15339
2018-02-12,300
2018-02-13,807640
2018-02-14,155164
2018-02-15,275336
2018-02-16,1887
2018-02-21,120966
2018-02-22,802
2018-02-23,194936
2018-02-26,96395
2018-02-27,501
2018-02-28,1223
2018-03-01,17065
2018-03-02,41730
2018-03-05,4606
2018-03-06,2565
2018-03-07,8485
2018-03-08,100793
2018-03-13,172139
2018-03-14,15772
2018-03-15,40527
2018-03-19,3674
2018-03-20,129997
2018-03-23,900
2018-03-26,113
2018-03-27,3700
2018-03-28,10511
2018-04-02,24074
2018-04-03,4034
2018-04-04,9957
2018-04-05,454438
2018-04-06,277218
2018-04-09,87669
2018-04-10,326849
2018-04-11,5916
2018-04-13,2834
2018-04-16,128463
2018-04-17,47068
2018-04-18,26136
2018-04-19,45600
2018-04-20,507
2018-04-24,873636
2018-04-25,1232
2018-04-26,235273
2018-04-27,150146
2018-04-30,196
2018-05-01,6700
2018-05-02,22498
2018-05-03,24632
2018-05-08,18760
2018-05-09,14599
2018-05-10,1994
2018-05-11,35278
2018-05-14,363957
2018-05-15,190142
2018-05-16,300
2018-05-17,54457
2018-05-18,160678
2018-05-21,17689
2018-05-22,8855
2018-05-23,67959
2018-05-25,28378
2018-05-30,35457
2018-06-01,35329
2018-06-05,614469
2018-06-06,789
2018-06-07,12880
2018-06-08,61097
2018-06-11,1553
2018-06-12,833230
2018-06-14,5775
2018-06-15,77579
2018-06-19,146102
2018-06-20,24434
2018-06-21,30572
2018-06-25,4669
2018-06-26,54094
2018-06-27,6792
2018-07-02,1473
2018-07-03,95
2018-07-05,1001
2018-07-11,1898
2018-07-12,100
2018-07-17,138230
2018-07-18,125422
2018-07-23,239
2018-07-24,89064
2018-07-27,872
2018-07-30,4408
2018-07-31,5510
2018-08-01,27312
2018-08-06,522268
2018-08-07,23284
2018-08-10,600
2018-08-14,1400
2018-08-16,38230
2018-08-17,46986
2018-08-21,661
2018-08-24,2807
2018-08-28,6900
2018-08-29,3829
2018-08-31,6768
2018-09-05,65550
2018-09-07,680
2018-09-10,5225
2018-09-11,11501
2018-09-13,4609
2018-09-14,99730
2018-09-18,24213
2018-09-21,20028
2018-09-24,44
2018-09-25,128154
2018-09-26,1473
2018-09-27,920
2018-10-01,84145
2018-10-02,13248
2018-10-10,9242
2018-10-11,21894
2018-10-12,36256
2018-10-15,21794
2018-10-16,800
2018-10-17,8000
2018-10-23,14596
2018-10-24,6859
2018-10-25,113109
2018-10-26,17847
2018-10-29,69335
2018-10-30,85904
2018-10-31,82175
2018-11-01,3000
2018-11-05,28624
2018-11-06,16621
2018-11-08,8917
2018-11-09,1095
2018-11-14,855887
2018-11-15,1550
2018-11-16,7820
2018-11-21,16102
2018-11-23,305
2018-11-26,3814
2018-11-28,133091
2018-11-29,3818
2018-11-30,8932
2018-12-04,700
2018-12-05,4172
2018-12-06,2701
2018-12-10,774
2018-12-11,2189
2018-12-12,4440
2018-12-13,2184
2018-12-14,360
2018-12-19,1559
2018-12-20,667
2018-12-21,848843
2018-12-24,140
2018-12-26,194807
2018-12-27,143
2019-01-02,11460
2019-01-04,74593
2019-01-07,13819
2019-01-08,28337
2019-01-09,4451
2019-01-11,61975
2019-01-15,500
2019-01-16,2277
2019-01-17,440
2019-01-18,4216
2019-01-23,63400
2019-01-24,2927
2019-01-25,2067
2019-01-28,11319
2019-01-29,602505
2019-02-04,75000
2019-02-05,656
2019-02-06,74
2019-02-11,220
2019-02-13,6172
2019-02-14,118
2019-02-15,9277
2019-02-19,5889
2019-02-20,17201
2019-02-21,214
2019-02-22,2082
2019-02-25,851
2019-02-26,1844
2019-02-27,4566
2019-02-28,29795
2019-03-01,826
2019-03-04,10559
2019-03-05,12679
2019-03-06,9974
2019-03-08,106
2019-03-11,13839
2019-03-13,38469
2019-03-14,15972
2019-03-15,714
2019-03-18,164
2019-03-19,45353
2019-03-21,8908
2019-03-22,1
2019-03-25,1
2019-03-26,11627
2019-03-29,265
2019-04-01,601
2019-04-02,301
2019-04-03,235
2019-04-04,2947
2019-04-05,498
2019-04-08,147499
2019-04-09,2400
2019-04-11,38963
2019-04-12,1
2019-04-15,1
2019-04-16,1
2019-04-17,1300
2019-04-22,1430
2019-04-23,25252
2019-04-24,3179
2019-04-30,13086
2019-05-01,4054
2019-05-02,500
2019-05-03,56
2019-05-07,5726
2019-05-08,216
2019-05-10,389
2019-05-14,670
2019-05-15,629
2019-05-16,6070
2019-05-17,2218
2019-05-20,2692
2019-05-21,5887
2019-05-22,508285
2019-05-23,1
2019-05-24,1467
2019-05-28,2840
2019-05-29,100
2019-06-03,111
2019-06-04,1233
2019-06-05,6248
2019-06-06,4440
2019-06-10,84362
2019-06-11,49256
2019-06-12,6595
2019-06-13,23085
2019-06-14,1926
2019-06-17,1388
2019-06-18,2240
2019-06-25,18192
2019-06-27,2292
2019-07-01,5893
2019-07-02,300
2019-07-03,100
2019-07-05,449
2019-07-08,40558
2019-07-09,39940
2019-07-10,28706
2019-07-12,5024
2019-07-15,100
2019-07-16,4166
2019-07-17,222
2019-07-22,7355
2019-07-23,97
2019-07-25,2453
2019-07-29,81
2019-07-30,24568
2019-07-31,1628
2019-08-05,10876
2019-08-06,200
2019-08-07,734
2019-08-08,1960
2019-08-09,452188
2019-08-15,37318
2019-08-20,2802
2019-08-21,2221
2019-08-23,3000
2019-08-27,1195
2019-08-28,1152
2019-08-29,4574
2019-09-04,10238
2019-09-05,17134
2019-09-06,1456
2019-09-09,46649
2019-09-10,8213
2019-09-11,190
2019-09-17,14
2019-09-19,1
2019-09-23,7040
2019-09-24,10065
2019-09-25,57
2019-09-26,79667
2019-09-27,10885
2019-10-02,488
2019-10-03,2800
2019-10-07,113949
2019-10-08,157114
2019-10-09,1
2019-10-10,540
2019-10-16,3685
2019-10-17,5318
2019-10-18,492
2019-10-22,547
2019-10-23,225
2019-10-24,51
2019-10-28,27101
2019-10-29,7200
2019-10-31,20125
2019-11-01,2541
2019-11-05,4697
2019-11-06,545
2019-11-07,8
2019-11-12,20150
2019-11-13,3900
2019-11-14,49058
2019-11-15,371
2019-11-18,14459
2019-11-19,22787
2019-11-21,10042
2019-11-22,15
2019-11-25,50
2019-11-26,100
2019-11-27,2486
2019-11-29,60621
2019-12-02,1498
2019-12-03,9592
2019-12-04,4242
2019-12-05,3277
2019-12-10,4101
2019-12-12,6444
2019-12-13,84460
2019-12-16,2539
2019-12-17,50
2019-12-23,375
2019-12-24,510209
2019-12-26,2410
2019-12-30,74
2020-01-02,16686
2020-01-03,6077
2020-01-07,448
2020-01-08,15
2020-01-09,9826
2020-01-10,2099
2020-01-13,150
2020-01-14,3489
2020-01-15,180
2020-01-21,208920
2020-01-22,44910
2020-01-23,763
2020-01-27,28214
2020-01-28,27217
2020-01-30,1298
2020-01-31,35009
2020-02-03,35338
2020-02-04,61846
2020-02-06,22174
2020-02-07,703
2020-02-10,15300
2020-02-11,2039
2020-02-13,51952
2020-02-14,11331
2020-02-19,2805
2020-02-20,73875
2020-02-24,721
2020-02-25,2900
2020-02-26,80221
2020-02-27,12176
2020-03-02,202042
2020-03-03,3642
2020-03-05,443
2020-03-06,17377
2020-03-09,433
2020-03-10,42162
2020-03-11,4002
2020-03-12,160
2020-03-13,50
2020-03-16,101947
2020-03-17,86017
2020-03-18,269
2020-03-19,3721
2020-03-23,270976
2020-03-24,13073
2020-03-25,13342
2020-03-26,1019
2020-03-30,54748
2020-03-31,520
2020-04-01,12281
2020-04-03,50
2020-04-07,1100
2020-04-08,1916
2020-04-13,9452
2020-04-14,764
2020-04-21,85313
2020-04-22,140606
2020-04-23,1588
2020-04-24,2110
2020-04-27,591
2020-04-28,357290
2020-05-04,210
2020-05-05,1491
2020-05-07,12518
2020-05-08,1778
2020-05-11,5295
2020-05-12,1536
2020-05-13,1304
2020-05-15,35
2020-05-18,82537
2020-05-19,2200
2020-05-20,533
2020-05-21,2724
2020-05-22,35370
2020-05-26,993
2020-05-29,419
2020-06-02,1500
2020-06-03,338
2020-06-05,184
2020-06-09,12700
2020-06-15,1
2020-06-16,26
2020-06-18,1162
2020-06-19,1336
2020-06-22,87733
2020-06-23,191100
2020-06-24,3709
2020-06-30,34177
2020-07-01,294
2020-07-02,287
2020-07-06,405226
2020-07-07,28800
2020-07-08,600
2020-07-10,128
2020-07-13,3440
2020-07-14,1405
2020-07-16,2242
2020-07-17,912
2020-07-21,101
2020-07-24,5305
2020-07-28,15275
2020-07-29,2792
2020-07-30,3381
2020-07-31,124
2020-08-03,332
2020-08-04,21990
2020-08-05,13943
2020-08-10,58913
2020-08-11,26771
2020-08-12,9051
2020-08-13,50
2020-08-14,5
2020-08-19,3098
2020-08-20,13106
2020-08-21,570
2020-08-24,1220
2020-08-25,14131
2020-08-27,904
2020-08-28,679
2020-09-01,132042
2020-09-04,6174
2020-09-08,10196
2020-09-09,104250
2020-09-15,1242
2020-09-16,98
2020-09-18,200
2020-09-21,3046
2020-09-22,36677
2020-09-28,9159
2020-09-29,8400
2020-10-01,192
2020-10-05,4107
2020-10-07,25753
2020-10-13,3293
2020-10-14,26171
2020-10-15,1012
2020-10-19,1547
2020-10-20,27151
2020-10-22,215388
2020-10-28,1094
2020-10-29,4684
2020-10-30,75370
2020-11-04,1150
2020-11-05,4226
2020-11-06,1320
2020-11-09,502
2020-11-10,30901
2020-11-17,107
2020-11-18,12234
2020-11-19,3500
2020-11-20,1022
2020-11-23,462
2020-11-24,1
2020-11-25,101416
2020-12-01,5600
2020-12-04,66146
2020-12-07,44613
2020-12-08,12988
2020-12-10,4552
2020-12-11,3324
2020-12-14,25220
2020-12-15,10472
2020-12-17,158
2020-12-18,9949
2020-12-21,1
2020-12-22,101
2020-12-23,16192
2020-12-28,60508
2020-12-29,2759
2020-12-30,21250
2021-01-04,60
2021-01-05,561
2021-01-06,19744
2021-01-07,208844
2021-01-08,1349
2021-01-11,1175
2021-01-14,258
2021-01-15,1013
2021-01-20,34126
2021-01-21,22010
2021-01-22,15000
2021-01-26,4559
2021-01-27,22255
2021-01-28,258074
2021-01-29,134211
2021-02-01,433
2021-02-02,4900
2021-02-03,10813
2021-02-05,2070
2021-02-09,7000
2021-02-10,95
2021-02-11,5040
2021-02-12,4814
2021-02-16,5
2021-02-17,4400
2021-02-18,12574
2021-02-19,350
2021-02-22,456
2021-02-23,1147
2021-02-24,797
2021-02-25,798
2021-02-26,799
2021-03-01,2200
2021-03-02,2312
2021-03-03,800
2021-03-04,911
2021-03-05,4956
2021-03-08,800
2021-03-09,9189
2021-03-10,741
2021-03-16,713
2021-03-17,713
2021-03-18,4098
2021-03-19,905
2021-03-26,8604
2021-03-29,8897
2021-03-30,800
2021-03-31,35961
2021-04-01,19821
2021-04-05,78057
2021-04-06,6551
2021-04-07,299695
2021-04-08,13981
2021-04-09,7162
2021-04-12,45043
2021-04-13,17795
2021-04-14,15
2021-04-19,10515
2021-04-20,5002
2021-04-22,2092
2021-04-23,35607
2021-04-26,72
2021-04-27,38681
2021-05-03,103087
2021-05-10,50
2021-05-11,200
2021-05-12,23614
2021-05-17,23136
2021-05-18,20271
2021-05-19,7491
2021-05-20,797
2021-05-21,200
2021-05-24,10725
2021-05-26,2240
2021-05-28,29
2021-06-01,4646
2021-06-02,90
2021-06-03,10153
2021-06-04,5150
2021-06-07,27046
2021-06-08,300
2021-06-09,24
2021-06-10,4000
2021-06-11,137
2021-06-14,12968
2021-06-15,14675
2021-06-16,2327
2021-06-17,100
2021-06-22,9172
2021-06-23,7286
2021-06-24,801
2021-06-28,282
2021-06-30,2000
2021-07-01,800
2021-07-02,596
2021-07-06,296
2021-07-07,12164
2021-07-08,53536
2021-07-09,1440
2021-07-12,10
2021-07-13,1246
2021-07-15,10923
2021-07-16,63
2021-07-20,371272
2021-07-21,1589
2021-07-22,20919
2021-07-27,7281
2021-07-28,23037
2021-08-02,115
2021-08-05,146561
2021-08-09,125469
2021-08-10,2346
2021-08-11,169
2021-08-17,24200
2021-08-18,519
2021-08-19,21450
2021-08-24,1964
2021-08-30,246
2021-08-31,69
2021-09-01,15000
2021-09-08,900
2021-09-09,4494
2021-09-10,15835
2021-09-15,1585
2021-09-16,69546
2021-09-20,10293
2021-09-27,4925
2021-09-28,16
2021-09-29,13881
2021-09-30,49087
2021-10-01,40
2021-10-04,127
2021-10-05,1877
2021-10-06,22862
2021-10-08,374
2021-10-13,2222
2021-10-14,93
2021-10-15,125
2021-10-19,14820
2021-10-21,11935
2021-10-22,69
2021-10-25,61
2021-10-26,9884
2021-10-28,1000
2021-10-29,3664
2021-11-01,33212
2021-11-02,1244
2021-11-03,948
2021-11-04,112815
2021-11-05,18899
2021-11-08,248
2021-11-09,2693
2021-11-15,123
2021-11-16,31721
2021-11-17,165
2021-11-18,37800
2021-11-23,3864
2021-11-24,16865
2021-11-26,3275
2021-11-29,1324
2021-11-30,727
2021-12-03,500
2021-12-08,75
2021-12-09,1806
2021-12-10,43185
2021-12-15,252307
2021-12-16,13100
2021-12-21,4535
2021-12-27,9908
2021-12-28,100
2021-12-29,235
2021-12-31,527
2022-01-04,10989
2022-01-05,1157
2022-01-06,141
2022-01-10,1035
2022-01-11,201
2022-01-12,98558
2022-01-13,74
2022-01-18,4920
2022-01-26,22707
2022-01-28,11385
2022-02-01,32844
2022-02-02,46
2022-02-03,23027
2022-02-04,241
2022-02-07,671
2022-02-08,5317
2022-02-11,1237
2022-02-14,328810
2022-02-16,19277
2022-02-17,13362
2022-02-18,399
2022-02-22,57991
2022-02-23,8376
2022-02-24,8430
2022-02-25,1676
2022-02-28,797
2022-03-01,2573
2022-03-02,438
2022-03-03,2969
2022-03-07,279
2022-03-09,60317
2022-03-11,35
2022-03-15,1806
2022-03-18,14
2022-03-21,56882
2022-03-22,639086
2022-03-23,2608
2022-03-25,857004
2022-03-28,6025
2022-04-01,190
2022-04-04,1185
2022-04-13,5248
2022-04-14,80
2022-04-18,28
2022-04-29,25297
2022-05-02,464
2022-05-10,3015
2022-05-11,214
2022-06-01,12411
2022-06-02,1829
2022-06-06,35
2022-06-07,401
2022-06-10,1
2022-06-14,12653
2023-03-06,367729
2023-03-07,345445
2023-03-08,3
2023-03-09,190
2023-03-13,19
2023-03-14,4346
2023-03-15,15219
2023-03-17,260
2023-03-20,558
2023-03-21,35670
2023-03-22,4290
2023-03-23,9
2023-03-27,24792
2023-03-28,15049
2023-03-29,5
2023-03-30,1
2023-03-31,518
2023-08-15,10
2023-08-17,4600
2023-08-22,649
2023-08-29,600
2025-08-15,30
2025-08-18,3900
2025-08-19,10
2025-08-21,200
2025-08-25,20
2025-08-27,5
